role,full_name,email,lrn_or_id,grade_level,section,department,temp_password,phone,account_status
admin,"Dr. Remedios Santos, Ed.D.",admin@sapc.edu.ph,SAPC-ADM-2020-001,"Institution-Wide","Executive Administration","Office of the Vice President for Academic Affairs",SAPC@Admin2026!,+63 917 100 2000,Active / Platform Administrator
guidance_counselor,"Maria Theresa Cruz, RGC",counselor@sapc.edu.ph,SAPC-COUN-2020-001,"All Levels (RGC Head)","Main Guidance Center - Room 101","Guidance & Counseling Center",SAPC@Coun001!,+63 917 333 4455,Active / Guidance Counselor
guidance_counselor,"Dr. Elena Ramos, RGC",elena.ramos@sapc.edu.ph,SAPC-COUN-2021-008,"Grades 7-10 (Junior High)","Guidance Office - Room 204","Guidance & Counseling Center",SAPC@Coun008!,+63 917 555 8924,Active / Guidance Counselor
guidance_counselor,"Mr. Francis M. Tolentino, RGC",francis.tolentino@sapc.edu.ph,SAPC-COUN-2022-019,"Grades 7-10 (Junior High)","Guidance Office - Room 202","Guidance & Counseling Center",SAPC@Coun019!,+63 919 444 3210,Active / Guidance Counselor
guidance_counselor,"Dr. Victor Hernandez, RGC",victor.hernandez@sapc.edu.ph,SAPC-COUN-2023-025,"Grades 7-10 (Senior High Lead)","Guidance Office - Room 205","Guidance & Counseling Center",SAPC@Coun025!,+63 918 223 4567,Active / Guidance Counselor
guidance_counselor,"Ms. Clarissa Ramos, RGC",clarissa.ramos@sapc.edu.ph,SAPC-COUN-2024-031,"Grades 7-10 (Crisis & Career)","Guidance Office - Room 203","Guidance & Counseling Center",SAPC@Coun031!,+63 920 445 6789,Active / Guidance Counselor
teacher,"Prof. Ernesto Bautista, LPT",teacher@sapc.edu.ph,SAPC-FAC-2020-005,"Grade 8","Grade 8 - St. Benedict","Junior & Senior High Science",SAPC@Fac005!,+63 918 555 6677,Active / Faculty
teacher,"Ms. Elena Bautista, LPT",elena.bautista@sapc.edu.ph,SAPC-FAC-2023-001,"Grade 7","Grade 7 - St. Anthony","Junior High Department",SAPC@Fac001!,+63 917 112 0001,Active / Faculty
teacher,"Mr. Carlos Dizon, LPT",carlos.dizon@sapc.edu.ph,SAPC-FAC-2023-002,"Grade 7","Grade 7 - St. Bernadette","Junior High Department",SAPC@Fac002!,+63 917 112 0002,Active / Faculty
teacher,"Ms. Maria Theresa Cruz, LPT",mariatheresa.cruz@sapc.edu.ph,SAPC-FAC-2023-003,"Grade 7","Grade 7 - St. Francis","Junior High Department",SAPC@Fac003!,+63 917 112 0003,Active / Faculty
teacher,"Mr. Roberto Santos, LPT",roberto.santos@sapc.edu.ph,SAPC-FAC-2023-014,"Grade 7","Grade 7 - St. Therese","Junior High Department",SAPC@Fac014!,+63 917 842 1092,Active / Faculty
teacher,"Ms. Katrina Salazar, LPT",katrina.salazar@sapc.edu.ph,SAPC-FAC-2024-005,"Grade 8","Grade 8 - St. Dominic","Junior High Department",SAPC@Fac005!,+63 917 112 0005,Active / Faculty
teacher,"Mr. Joseph Morales, LPT",joseph.morales@sapc.edu.ph,SAPC-FAC-2022-006,"Grade 8","Grade 8 - St. Jude","Junior High Department",SAPC@Fac006!,+63 917 112 0006,Active / Faculty
teacher,"Mr. Mark Villanueva, LPT",mark.villanueva@sapc.edu.ph,SAPC-FAC-2024-007,"Grade 8","Grade 8 - St. Lorenzo","Junior High Department",SAPC@Fac007!,+63 917 112 0007,Active / Faculty
teacher,"Ms. Angela Reyes, LPT",angela.reyes@sapc.edu.ph,SAPC-FAC-2023-008,"Grade 8","Grade 8 - St. Clare","Junior High Department",SAPC@Fac008!,+63 917 112 0008,Active / Faculty
teacher,"Ms. Pamela Rivera, LPT",pamela.rivera@sapc.edu.ph,SAPC-FAC-2023-009,"Grade 9","Grade 9 - St. Paul","Junior High Department",SAPC@Fac009!,+63 917 112 0009,Active / Faculty
teacher,"Mr. Ronald Ramos, LPT",ronald.ramos@sapc.edu.ph,SAPC-FAC-2022-010,"Grade 9","Grade 9 - St. Peter","Junior High Department",SAPC@Fac010!,+63 917 112 0010,Active / Faculty
teacher,"Mr. Emmanuel Flores, LPT",emmanuel.flores@sapc.edu.ph,SAPC-FAC-2024-011,"Grade 9","Grade 9 - St. Augustine","Junior High Department",SAPC@Fac011!,+63 917 112 0011,Active / Faculty
teacher,"Ms. Clarisse Ocampo, LPT",clarisse.ocampo@sapc.edu.ph,SAPC-FAC-2023-012,"Grade 9","Grade 9 - St. Thomas","Junior High Department",SAPC@Fac012!,+63 917 112 0012,Active / Faculty
teacher,"Ms. Jennifer Tolentino, LPT",jennifer.tolentino@sapc.edu.ph,SAPC-FAC-2021-013,"Grade 10","Grade 10 - St. Joseph","Junior High Department",SAPC@Fac013!,+63 917 112 0013,Active / Faculty
teacher,"Ms. Veronica Dimaculangan, LPT",veronica.dimaculangan@sapc.edu.ph,SAPC-FAC-2023-015,"Grade 10","Grade 10 - St. Michael","Junior High Department",SAPC@Fac015!,+63 917 112 0014,Active / Faculty
teacher,"Mr. Dennis Castro, LPT",dennis.castro@sapc.edu.ph,SAPC-FAC-2022-015,"Grade 10","Grade 10 - St. Gabriel","Junior High Department",SAPC@Fac015!,+63 917 112 0015,Active / Faculty
teacher,"Mrs. Teresa Santos, LPT",teresa.santos@sapc.edu.ph,SAPC-FAC-2022-089,"Grade 10","Grade 10 - St. Raphael","Junior High Department",SAPC@Fac089!,+63 918 331 4059,Active / Faculty
teacher,"Mrs. Clara Buenaflor, LPT",clara.buenaflor@sapc.edu.ph,SAPC-FAC-2023-016,"Grade 11","Grade 11 - St. Thomas (HUMSS)","Senior High HUMSS Department",SAPC@Fac016!,+63 918 442 5060,Active / Faculty
teacher,"Mr. Arnold Dizon, LPT",arnold.dizon@sapc.edu.ph,SAPC-FAC-2024-017,"Grade 11","Grade 11 - St. Clare (ABM)","Senior High ABM Department",SAPC@Fac017!,+63 919 553 6071,Active / Faculty
teacher,"Prof. Annalyn Cruz, LPT",annalyn.cruz@sapc.edu.ph,SAPC-FAC-2024-002,"Grade 12","Grade 12 - St. Jude (ABM)","Senior High ABM Department",SAPC@Fac002!,+63 920 119 2847,Active / Faculty
teacher,"Engr. Paul Valdez",paul.valdez@sapc.edu.ph,SAPC-FAC-2021-045,"Grade 11-12","Chemistry & Physics Faculty","Senior High STEM Department",SAPC@Fac045!,+63 922 776 5432,Active / Faculty
teacher,"Ms. Jessica Alcantara, LPT",jessica.alcantara@sapc.edu.ph,SAPC-FAC-2024-019,"Grade 11","Grade 11 - San Lorenzo Ruiz (HUMSS)","Senior High HUMSS Department",SAPC@Fac019!,+63 915 678 1234,Active / Faculty