student_id,student_name,grade_level,section,quarter_gpa,failing_subjects_count,days_absent,incomplete_requirements_count
109238475612,Joshua Dimaculangan,Grade 11,Grade 11 - St. Augustine (STEM),71.5,2,11,3
109238475613,Angelica Dela Cruz,Grade 11,Grade 11 - St. Augustine (STEM),78.0,0,5,1
109238475614,Mark Anthony Reyes,Grade 12,Grade 12 - St. Thomas (ABM),94.5,0,1,0
109238475615,Bea Nicole Villanueva,Grade 11,Grade 11 - St. Augustine (STEM),73.8,1,8,2
109238475616,Christian Dave Garcia,Grade 12,Grade 12 - St. Thomas (ABM),88.2,0,2,0
109238475617,Samantha Mae Alcantara,Grade 11,Grade 11 - St. Lorenzo (HUMSS),68.5,3,14,4
109238475618,Juan Carlo Mendoza,Grade 12,Grade 12 - St. Claire (GAS),82.0,0,4,1
109238475619,Rhea Patricia Morales,Grade 11,Grade 11 - St. Augustine (STEM),91.0,0,0,0
109238475620,Gabriel Luis Toralba,Grade 12,Grade 12 - St. Thomas (ABM),76.5,1,6,2
